age,tenure_months,monthly_usage_hours,purchase_amount,customer_service_calls,late_payments,region,contract_type,autopay,churn
30,63,24.2,81.67,4,1,South,One year,No,1
69,62,54.5,117.95,4,0,North,Two year,Yes,0
26,1,37.2,195.47,2,1,North,Month-to-month,Yes,0
20,12,51.8,161.81,6,2,West,Month-to-month,Yes,1
30,27,19.9,259.58,5,0,North,One year,Yes,1
61,37,32.9,322.0,7,1,South,Two year,No,1
52,53,16.3,82.54,0,2,West,Two year,No,1
38,31,25.4,107.94,3,2,East,Two year,Yes,1
56,45,27.8,34.19,6,0,North,Two year,Yes,1
55,1,20.4,398.19,1,1,South,Month-to-month,No,1
50,48,12.6,216.99,4,0,West,Month-to-month,Yes,1
47,66,9.4,235.38,1,1,South,Month-to-month,Yes,0
23,38,1.0,44.28,3,1,East,One year,Yes,1
33,33,15.1,184.88,5,0,East,Two year,Yes,0
48,22,42.0,238.47,1,1,East,Month-to-month,Yes,0
25,69,6.4,158.46,3,1,North,One year,Yes,0
45,3,10.1,297.95,2,1,West,Month-to-month,No,1
24,21,60.7,427.74,3,1,West,Month-to-month,Yes,1
63,10,21.8,85.56,3,0,North,Month-to-month,No,1
23,63,37.1,77.68,3,0,West,Month-to-month,No,1
23,35,42.3,92.84,0,0,West,Two year,Yes,0
54,67,42.6,353.65,1,1,East,Month-to-month,Yes,0
30,48,7.6,294.45,3,0,South,Two year,Yes,1
38,41,28.3,170.77,2,1,South,One year,No,1
36,38,6.1,188.84,4,0,West,Month-to-month,Yes,1
30,15,71.1,99.26,4,0,North,Month-to-month,No,1
62,41,6.5,278.45,4,0,West,One year,Yes,0
58,50,15.2,145.11,2,2,West,Month-to-month,Yes,1
31,70,15.4,157.69,2,1,East,Two year,Yes,0
57,40,8.1,248.92,3,1,South,Month-to-month,Yes,0
59,68,53.6,165.26,2,0,East,One year,No,0
49,69,70.8,160.33,6,0,North,One year,No,0
51,38,24.4,186.11,4,0,West,Month-to-month,Yes,0
72,32,10.9,268.51,6,1,South,Month-to-month,Yes,1
44,11,1.0,357.88,2,0,North,Two year,Yes,1
40,20,28.1,246.48,5,0,West,Month-to-month,No,1
49,64,26.9,269.35,4,5,East,Month-to-month,Yes,1
66,10,21.6,164.02,1,0,East,Month-to-month,Yes,1
59,29,35.5,110.68,0,0,North,Month-to-month,No,1
22,51,38.3,253.67,1,0,West,One year,Yes,0
44,18,37.2,202.98,2,1,East,One year,Yes,0
60,71,26.9,35.62,2,0,West,Month-to-month,No,0
30,47,14.4,150.55,0,1,West,Two year,No,0
75,3,42.7,176.3,3,0,North,Month-to-month,No,1
64,18,32.2,131.4,2,0,North,Month-to-month,Yes,1
67,54,46.2,340.58,2,1,West,One year,Yes,0
22,63,44.6,235.38,2,0,East,Two year,No,0
51,67,9.3,329.18,1,0,South,Month-to-month,Yes,0
48,62,9.1,212.66,4,1,South,Month-to-month,Yes,1
54,6,19.9,193.55,1,0,East,Month-to-month,Yes,1
67,53,15.1,86.66,4,2,West,One year,Yes,1
38,8,44.1,186.25,3,0,North,Month-to-month,No,1
48,6,37.6,186.37,2,0,East,Month-to-month,Yes,1
57,50,49.6,41.45,2,1,West,One year,Yes,1
61,35,38.3,128.35,0,3,South,Month-to-month,No,1
62,47,35.3,151.06,6,3,South,Month-to-month,No,1
37,62,51.2,228.42,5,3,West,Month-to-month,Yes,1
75,5,39.5,233.44,3,1,North,Month-to-month,No,1
18,38,33.1,123.96,3,2,South,Month-to-month,Yes,1
46,61,55.7,234.23,3,0,South,Two year,No,1
53,32,33.8,165.88,2,0,West,One year,Yes,0
21,38,27.1,10.0,2,2,North,One year,Yes,1
44,36,18.6,134.11,5,0,South,Two year,Yes,1
52,66,43.2,298.29,5,2,North,Month-to-month,No,1
53,4,51.8,10.0,0,0,West,Month-to-month,Yes,1
24,64,31.2,196.83,4,0,East,Two year,Yes,0
34,59,52.9,351.45,2,0,South,Month-to-month,No,0
32,59,1.0,105.14,3,1,South,One year,Yes,1
55,30,31.1,185.23,2,1,North,One year,No,1
37,38,31.4,48.08,2,0,West,Month-to-month,Yes,1
51,27,20.4,355.86,2,0,East,Month-to-month,Yes,1
60,19,70.1,176.25,6,0,South,Month-to-month,Yes,1
64,64,30.9,189.9,3,0,South,Month-to-month,Yes,1
28,37,25.5,327.2,2,1,East,Month-to-month,Yes,0
70,53,32.4,254.46,4,1,East,Month-to-month,Yes,1
27,8,1.0,93.06,4,0,South,One year,No,1
19,57,19.8,117.04,4,0,South,Two year,Yes,0
20,48,47.7,236.97,0,1,East,One year,Yes,0
29,72,21.9,119.47,0,1,East,Month-to-month,No,0
68,10,18.7,10.0,1,2,East,Month-to-month,Yes,1
30,39,53.0,179.41,4,0,North,Month-to-month,No,1
58,37,53.4,29.58,4,0,South,Month-to-month,No,1
42,39,40.3,354.71,4,0,East,Two year,Yes,0
20,4,24.7,203.56,6,1,West,Month-to-month,Yes,1
43,35,28.2,89.96,4,1,East,Month-to-month,No,1
19,22,19.1,111.64,4,0,South,Two year,Yes,1
45,45,16.1,10.0,3,1,East,Month-to-month,No,1
50,17,15.3,69.56,1,1,North,Month-to-month,Yes,1
48,32,22.1,291.71,6,0,North,Month-to-month,Yes,1
34,45,15.4,419.34,4,0,East,One year,Yes,1
62,5,7.0,261.27,3,2,West,One year,Yes,1
52,57,35.5,175.34,3,0,West,Month-to-month,No,0
32,52,35.8,139.64,6,1,East,Two year,Yes,1
43,5,59.2,84.57,2,2,North,Two year,No,1
24,5,21.3,401.28,3,0,West,Two year,No,1
71,62,36.7,165.18,4,2,South,Month-to-month,No,1
61,21,37.0,407.14,0,1,South,Month-to-month,No,0
34,62,27.9,331.32,2,1,West,Two year,Yes,0
57,36,43.9,10.0,5,1,East,Month-to-month,No,1
57,25,44.4,115.07,3,0,East,One year,No,0
53,20,37.2,114.75,7,1,South,One year,Yes,1
21,48,27.9,176.62,1,1,West,Month-to-month,No,0
68,8,26.3,178.67,4,1,South,One year,Yes,1
73,29,10.1,499.61,2,0,East,Two year,Yes,1
74,25,19.1,71.89,2,1,West,One year,Yes,1
74,12,22.0,209.04,1,0,East,Month-to-month,Yes,0
71,26,14.0,249.73,2,0,North,Two year,Yes,1
60,39,39.0,184.83,3,1,South,Month-to-month,Yes,1
21,49,51.1,196.57,0,2,South,One year,No,1
44,7,17.5,75.3,5,0,West,One year,No,1
32,63,36.5,196.18,2,0,East,One year,No,1
30,64,15.5,238.7,2,0,South,Month-to-month,No,1
66,50,27.1,219.4,1,1,East,Month-to-month,No,0
65,67,21.0,244.87,5,0,East,Month-to-month,No,1
48,31,41.6,333.32,4,0,South,Month-to-month,Yes,1
60,60,21.1,283.38,1,0,South,Month-to-month,No,0
25,53,48.2,192.49,2,0,West,One year,Yes,0
30,41,28.1,61.97,5,1,East,Month-to-month,Yes,1
67,13,21.6,122.0,7,0,North,One year,Yes,0
44,41,11.9,161.94,6,0,East,Two year,Yes,0
49,65,36.1,211.5,5,0,East,Month-to-month,No,0
44,71,46.3,134.78,1,0,East,One year,Yes,0
29,33,36.4,86.75,4,0,East,One year,No,1
65,18,67.8,60.24,6,0,West,Month-to-month,Yes,1
61,54,54.9,11.63,3,0,South,Month-to-month,Yes,1
57,6,27.1,160.33,6,1,South,One year,Yes,1
38,11,26.9,30.69,3,0,North,Two year,Yes,1
55,41,39.5,79.94,3,1,East,One year,No,1
73,72,18.6,143.64,3,2,South,Two year,Yes,0
55,24,50.7,44.73,2,0,South,Two year,Yes,1
46,32,37.8,224.87,2,1,East,Month-to-month,Yes,1
33,24,36.1,262.72,4,0,South,One year,No,1
48,32,43.0,127.31,2,1,South,Month-to-month,No,1
39,1,59.6,139.11,6,3,South,Two year,No,0
53,43,34.7,241.43,4,1,South,Month-to-month,Yes,1
20,43,30.2,110.03,0,4,North,Month-to-month,No,0
29,23,56.1,102.81,0,0,West,Two year,Yes,1
63,20,47.5,310.63,1,1,North,Month-to-month,Yes,1
40,55,26.9,277.84,7,0,South,One year,Yes,1
43,14,32.1,248.16,7,0,East,Month-to-month,Yes,1
49,4,35.1,282.19,0,1,North,Two year,Yes,1
43,3,37.8,10.0,1,0,East,Two year,Yes,1
62,64,10.3,327.15,1,0,East,Month-to-month,Yes,0
32,27,7.3,226.17,4,0,East,One year,Yes,0
61,8,17.8,291.13,0,0,South,Month-to-month,Yes,1
30,64,16.6,225.65,5,0,North,One year,Yes,0
39,11,21.7,190.14,3,1,West,One year,No,0
52,25,42.2,156.09,1,0,South,One year,No,0
69,2,29.3,223.55,1,0,West,Month-to-month,Yes,1
31,49,35.1,152.27,1,1,North,Month-to-month,Yes,0
52,51,12.4,276.13,2,0,North,One year,Yes,1
21,55,24.6,18.42,4,0,West,One year,Yes,1
22,19,41.4,128.13,4,1,West,Month-to-month,Yes,1
62,24,41.5,399.71,3,4,West,Month-to-month,Yes,1
59,68,20.4,119.26,2,0,West,Month-to-month,No,1
39,60,34.6,159.94,2,0,North,Two year,No,0
54,3,67.2,92.33,2,0,West,Month-to-month,No,1
40,50,31.7,220.26,0,0,East,Month-to-month,Yes,0
34,59,20.9,107.69,1,1,North,Two year,No,0
43,41,29.2,165.51,6,0,North,Month-to-month,No,1
36,47,33.5,274.13,2,1,West,One year,No,0
65,1,29.6,111.63,4,0,South,Month-to-month,No,1
41,3,31.5,267.8,6,0,West,Two year,No,1
36,3,8.9,271.33,2,1,North,One year,No,1
49,12,16.6,295.77,4,1,South,Two year,Yes,1
61,72,29.6,199.76,3,0,South,Month-to-month,Yes,0
33,46,29.4,525.33,1,1,South,Month-to-month,Yes,1
72,57,22.9,295.73,2,0,East,One year,Yes,0
44,22,29.2,219.11,1,0,West,Month-to-month,Yes,1
56,68,33.0,93.03,0,0,West,Month-to-month,Yes,0
73,15,46.2,174.81,3,1,East,Month-to-month,Yes,0
43,65,30.4,334.76,6,2,North,Two year,Yes,0
29,3,38.4,364.5,3,0,West,One year,No,0
61,2,23.3,340.22,0,1,East,One year,Yes,0
18,6,41.2,267.45,5,1,East,One year,Yes,1
44,58,38.0,53.16,4,2,East,Month-to-month,Yes,1
74,19,45.9,236.15,3,2,West,Month-to-month,Yes,1
42,33,43.4,54.65,2,0,West,Month-to-month,No,1
57,34,41.4,28.82,3,0,East,One year,No,0
48,57,30.4,210.11,6,0,East,Month-to-month,Yes,0
30,26,35.9,239.94,7,1,East,Two year,Yes,1
36,1,49.0,279.85,2,0,South,One year,Yes,1
48,28,21.6,237.2,5,1,South,Month-to-month,No,1
24,21,21.9,240.82,1,1,East,One year,No,1
42,53,34.9,81.61,4,1,North,Month-to-month,No,1
42,55,38.6,173.98,0,1,South,Two year,Yes,0
66,7,18.8,26.75,3,0,East,Two year,No,1
25,58,30.8,10.0,3,0,West,Two year,No,1
66,6,30.5,262.77,1,0,East,Month-to-month,No,1
41,45,1.0,105.92,2,1,South,Month-to-month,Yes,1
55,29,28.5,276.61,3,0,South,Month-to-month,Yes,1
50,22,29.5,301.38,3,0,East,Month-to-month,Yes,1
35,35,29.4,119.97,4,1,East,Month-to-month,Yes,1
71,23,54.7,246.98,0,0,North,Month-to-month,No,0
31,58,12.5,115.58,4,3,East,Two year,Yes,1
20,70,18.8,10.0,2,0,South,Month-to-month,Yes,0
61,59,1.0,197.95,4,2,East,Month-to-month,No,1
54,32,24.3,135.56,3,0,West,One year,Yes,1
69,37,25.7,138.79,1,0,West,One year,No,1
44,33,23.8,392.41,2,1,East,One year,No,0
18,58,49.7,24.79,1,1,South,One year,No,1
19,40,45.8,225.2,2,1,South,Two year,No,1
43,34,33.2,80.55,2,0,North,One year,Yes,0
32,30,26.1,280.37,4,0,West,Month-to-month,Yes,1
71,28,48.4,216.34,4,2,West,One year,No,1
24,40,31.7,224.83,5,2,West,Month-to-month,Yes,1
69,50,18.9,85.79,5,3,South,Month-to-month,Yes,1
30,32,4.5,104.61,0,1,South,Month-to-month,Yes,1
24,59,24.9,282.36,3,0,West,Month-to-month,Yes,1
33,60,44.1,370.93,3,2,East,One year,Yes,1
26,31,68.4,235.43,1,0,East,Month-to-month,Yes,1
41,66,33.0,90.77,4,1,South,Month-to-month,Yes,1
37,13,19.8,220.59,1,0,South,Month-to-month,No,0
48,68,13.0,439.88,3,2,East,Two year,Yes,1
49,22,40.8,195.75,4,1,West,Month-to-month,Yes,1
18,41,3.8,338.49,1,0,South,One year,Yes,0
25,21,40.8,107.27,4,2,West,Two year,Yes,1
27,32,45.1,180.58,2,0,North,Month-to-month,Yes,0
29,25,39.0,250.05,4,0,South,One year,Yes,0
23,51,28.5,226.72,2,0,West,Month-to-month,No,1
36,6,41.0,104.53,5,0,West,Month-to-month,Yes,1
49,61,34.7,100.0,1,0,West,One year,No,0
35,66,19.6,288.77,1,1,South,Two year,Yes,0
37,41,61.6,310.11,2,1,West,Month-to-month,Yes,0
45,40,26.4,343.78,2,2,West,One year,Yes,1
49,51,44.4,374.41,4,0,West,Month-to-month,No,1
37,15,1.0,199.14,0,1,North,One year,Yes,1
30,54,52.4,152.32,5,0,East,One year,Yes,0
41,16,55.5,326.85,2,0,West,One year,Yes,0
19,49,32.5,259.87,5,1,West,One year,Yes,0
46,23,40.9,81.84,2,1,North,Month-to-month,No,1
72,54,40.9,76.47,3,1,West,One year,No,0
41,57,21.7,236.65,2,2,North,One year,Yes,1
24,16,40.8,166.39,2,0,South,One year,Yes,0
59,45,19.1,182.22,0,2,East,Month-to-month,Yes,1
25,36,22.3,297.62,3,0,South,Month-to-month,No,0
29,22,50.0,264.7,2,0,East,Month-to-month,Yes,1
26,43,47.6,324.64,4,0,North,Month-to-month,Yes,0
69,72,20.7,10.0,2,0,East,Month-to-month,No,1
74,1,20.3,211.61,4,0,East,Month-to-month,No,1
51,69,21.7,257.94,4,0,East,One year,Yes,0
53,62,43.7,24.71,2,3,South,Month-to-month,Yes,0
55,39,16.0,116.24,2,1,South,One year,No,0
53,44,37.7,96.75,1,1,South,Month-to-month,No,1
49,27,43.9,187.28,2,2,South,One year,Yes,1
75,10,30.6,355.92,1,0,East,Month-to-month,Yes,1
60,42,48.2,397.37,1,1,South,Month-to-month,Yes,0
23,59,27.1,99.5,0,0,South,One year,Yes,0
40,17,28.6,240.29,4,0,South,Two year,Yes,0
74,52,16.4,243.67,4,0,North,Month-to-month,No,1
41,54,48.3,225.7,3,1,East,Month-to-month,Yes,0
29,55,19.7,226.89,4,0,West,One year,Yes,1
68,25,37.6,216.89,2,2,South,One year,No,1
54,29,30.9,362.19,4,1,West,Month-to-month,Yes,1
50,30,15.2,300.76,1,1,East,Month-to-month,Yes,0
42,62,22.3,73.68,1,1,North,Month-to-month,No,1
25,65,54.1,268.55,4,1,South,Two year,Yes,1
40,30,35.2,278.7,5,1,North,Month-to-month,No,1
43,70,15.9,218.07,0,0,North,Month-to-month,Yes,0
72,42,36.9,303.8,1,2,South,Two year,Yes,0
35,28,29.7,204.75,4,0,South,Month-to-month,No,1
26,1,87.3,206.05,2,0,West,Month-to-month,Yes,1
42,44,36.6,197.73,4,1,North,Month-to-month,Yes,1
75,47,25.9,10.0,2,0,West,Month-to-month,Yes,1
45,70,54.7,176.56,5,1,North,Month-to-month,Yes,1
39,52,2.5,114.83,3,0,North,Month-to-month,Yes,0
56,3,33.5,60.42,2,1,East,One year,No,1
55,41,63.9,335.57,1,2,West,One year,Yes,0
35,54,30.1,237.94,4,2,East,Month-to-month,Yes,1
74,36,4.3,181.87,3,1,North,One year,Yes,1
52,31,25.7,125.7,3,0,North,Month-to-month,Yes,1
21,59,55.3,216.1,5,1,South,Two year,Yes,1
41,45,38.0,289.1,0,0,South,Month-to-month,Yes,0
71,50,18.6,98.17,1,1,West,One year,No,1
40,34,21.0,184.49,5,3,South,Month-to-month,Yes,1
50,21,23.0,276.15,3,0,North,One year,Yes,1
53,38,37.8,10.0,3,1,West,Month-to-month,No,1
58,70,53.4,178.96,7,1,North,One year,Yes,1
68,44,48.8,139.92,0,0,North,Month-to-month,Yes,1
26,51,39.3,170.95,5,0,South,Two year,No,1
47,9,10.7,132.33,0,1,South,Month-to-month,No,1
48,72,10.8,199.45,0,2,East,One year,Yes,0
26,18,40.5,386.98,2,1,West,Two year,Yes,1
57,70,10.5,150.99,1,0,West,Two year,Yes,1
24,33,28.4,215.63,3,2,South,Month-to-month,Yes,1
44,67,36.9,394.45,1,2,West,Month-to-month,Yes,1
37,65,13.8,127.25,1,0,East,Month-to-month,No,0
26,55,15.6,375.54,4,0,North,Month-to-month,No,1
65,66,30.5,185.56,5,0,West,One year,No,0
32,44,40.1,372.1,2,1,North,Two year,Yes,1
32,62,49.0,263.77,1,0,East,Two year,Yes,0
67,13,41.7,217.25,3,3,West,Month-to-month,Yes,1
68,6,33.2,178.11,3,2,North,One year,Yes,1
19,40,20.1,119.48,4,0,South,Two year,Yes,1
34,59,14.9,192.96,3,0,South,Two year,No,1
59,56,23.8,279.22,5,1,West,Month-to-month,Yes,1
63,39,38.6,183.62,1,1,North,Month-to-month,Yes,1
75,38,37.4,151.75,2,0,East,Two year,Yes,0
50,44,1.0,158.67,0,0,South,Month-to-month,No,0
18,63,19.4,289.21,3,3,North,Month-to-month,Yes,0
68,61,51.3,313.64,3,0,East,Two year,No,0
27,8,33.3,114.95,6,0,West,Two year,No,1
25,43,9.3,114.8,4,0,East,Two year,Yes,1
57,28,69.7,224.83,8,0,North,One year,Yes,0
53,58,31.5,345.39,5,2,North,Month-to-month,Yes,1
21,37,38.1,305.33,4,0,South,Month-to-month,Yes,1
27,72,38.4,53.56,3,0,East,Month-to-month,Yes,1
52,32,26.1,157.27,1,1,East,One year,Yes,1
32,49,20.4,87.29,0,0,North,Month-to-month,No,1
57,8,65.9,156.91,2,1,East,One year,No,0
41,68,48.1,353.46,5,0,South,Month-to-month,Yes,1
52,12,45.2,35.63,0,1,East,One year,Yes,1
45,28,41.2,15.02,4,0,West,Month-to-month,Yes,1
39,61,15.9,98.0,4,1,East,Month-to-month,Yes,1
37,70,52.4,215.17,1,0,North,Month-to-month,No,0
58,35,18.5,250.18,3,0,West,Month-to-month,Yes,1
47,35,36.5,230.93,1,0,North,Two year,No,0
52,4,5.8,308.45,4,1,West,Month-to-month,Yes,1
51,71,1.0,10.0,5,2,North,Month-to-month,No,1
30,2,37.1,309.78,4,0,East,One year,Yes,1
70,2,19.1,152.23,4,0,North,One year,Yes,1
50,35,1.0,261.81,7,0,North,Month-to-month,No,1
59,1,40.6,46.04,1,0,East,Month-to-month,Yes,1
69,12,65.9,185.52,4,1,East,Month-to-month,Yes,1
71,46,54.2,209.81,0,1,North,One year,No,0
56,51,27.9,306.35,2,1,West,Month-to-month,Yes,1
63,22,32.1,18.55,2,0,South,Month-to-month,Yes,1
45,58,46.2,188.23,2,1,South,Month-to-month,Yes,1
60,44,50.0,71.05,2,2,South,One year,Yes,1
36,17,26.5,238.08,3,0,South,Month-to-month,Yes,0
59,52,32.5,266.61,3,0,North,Two year,No,0
22,43,36.8,320.15,3,1,South,Month-to-month,Yes,0
71,59,40.9,128.82,0,4,North,One year,Yes,1
32,12,29.9,282.36,4,0,North,Month-to-month,Yes,1
56,17,30.1,327.89,1,0,South,Month-to-month,Yes,1
18,22,54.1,12.46,3,1,East,Month-to-month,No,1
27,25,51.4,249.3,2,0,West,One year,Yes,0
75,64,39.6,285.64,3,1,South,Two year,Yes,1
66,53,59.5,157.83,4,0,South,Month-to-month,Yes,1
30,40,25.8,57.87,5,1,West,Month-to-month,No,1
25,39,58.0,284.01,3,1,East,Two year,Yes,0
65,64,40.7,59.05,5,1,West,Month-to-month,Yes,1
75,33,84.3,166.27,2,1,West,Month-to-month,No,1
27,17,12.9,180.79,4,1,West,Month-to-month,Yes,1
56,10,21.0,260.13,2,2,West,One year,Yes,1
34,24,38.7,119.2,4,0,South,One year,No,1
61,48,38.4,113.12,1,0,South,One year,No,0
42,34,63.2,195.39,3,2,South,Two year,Yes,1
25,31,21.3,290.67,4,1,North,Month-to-month,No,1
36,35,46.5,425.18,2,1,East,Month-to-month,Yes,0
49,71,50.6,26.71,5,1,East,Month-to-month,No,1
64,72,43.3,218.11,2,1,West,Month-to-month,Yes,1
19,12,16.6,70.91,4,0,North,Month-to-month,Yes,1
73,9,54.5,291.98,1,0,South,Month-to-month,Yes,0
55,18,51.7,86.45,3,2,North,Month-to-month,No,1
68,62,41.6,114.16,4,0,West,One year,No,1
71,34,35.3,123.13,2,1,South,Month-to-month,Yes,1
26,63,35.6,177.0,2,3,North,Month-to-month,Yes,0
23,47,30.7,218.94,5,0,East,One year,Yes,1
63,40,42.3,235.79,3,1,West,One year,Yes,1
28,21,32.5,184.39,3,0,West,One year,No,1
26,25,18.4,45.36,2,1,North,One year,Yes,1
45,11,15.2,261.42,3,0,South,One year,No,0
70,38,20.0,179.44,4,0,North,Month-to-month,No,0
64,21,35.6,306.98,1,2,South,Month-to-month,Yes,1
48,22,31.6,110.69,1,2,East,One year,Yes,1
29,3,35.4,16.76,2,1,South,Month-to-month,No,1
37,58,40.0,181.43,5,1,North,Month-to-month,No,1
57,68,22.0,321.08,2,0,East,Month-to-month,No,1
27,36,55.5,201.9,3,1,North,Month-to-month,Yes,1
48,39,27.7,164.03,2,1,North,Month-to-month,Yes,1
18,67,25.1,93.61,1,1,North,Month-to-month,No,1
36,37,39.7,369.57,3,0,North,One year,Yes,0
32,45,2.6,76.89,0,0,South,Two year,No,1
57,31,19.4,108.83,1,2,West,Month-to-month,No,1
71,38,47.7,244.85,2,1,West,Two year,Yes,1
26,38,4.2,10.0,4,1,North,Month-to-month,Yes,1
64,52,49.9,318.83,2,1,North,Two year,Yes,0
56,44,56.2,250.54,2,0,South,Two year,No,0
74,37,26.1,279.42,4,0,East,Month-to-month,Yes,1
70,6,36.7,243.6,1,0,East,One year,Yes,0
23,66,49.9,168.08,2,1,West,Two year,No,0
61,64,24.5,73.37,5,1,South,Two year,No,1
52,14,45.9,170.29,4,1,North,Two year,Yes,0
24,22,21.3,82.6,2,1,North,One year,No,1
32,71,24.4,236.05,5,4,North,Month-to-month,Yes,1
71,24,19.2,269.71,5,1,North,Two year,No,1
49,59,37.5,340.06,2,0,West,One year,No,1
37,57,50.5,224.04,1,1,South,One year,Yes,0
36,62,29.1,282.08,3,0,West,Month-to-month,Yes,1
66,2,11.7,153.8,2,1,East,One year,Yes,1
34,35,14.7,134.78,1,0,East,Month-to-month,No,1
27,41,38.3,234.74,2,0,South,One year,No,1
51,61,61.5,144.42,4,2,West,Month-to-month,Yes,1
75,17,38.3,213.26,5,1,North,One year,No,1
28,23,25.8,73.57,1,1,North,Two year,Yes,0
32,13,44.3,92.43,3,1,South,Month-to-month,No,1
45,55,28.2,251.72,2,0,South,Month-to-month,No,1
29,72,25.9,278.1,3,1,East,Month-to-month,Yes,1
55,11,16.7,81.51,3,1,East,Two year,Yes,1
32,17,54.5,255.41,0,0,East,One year,No,1
25,23,1.0,129.06,2,1,South,Month-to-month,No,1
33,65,44.8,186.73,0,1,South,Month-to-month,Yes,1
71,33,24.6,333.78,10,0,West,Month-to-month,No,1
72,21,25.4,269.79,5,0,North,Month-to-month,Yes,1
47,24,59.1,268.57,3,0,East,Two year,Yes,0
41,44,20.6,385.42,1,1,East,One year,No,0
65,28,21.1,111.09,3,1,West,Month-to-month,Yes,1
29,11,29.9,81.48,2,0,East,Two year,No,1
55,60,38.6,109.18,8,0,South,Month-to-month,Yes,1
57,31,24.9,158.28,1,0,South,Two year,Yes,0
59,19,6.8,10.0,3,0,South,Month-to-month,Yes,1
30,53,18.1,163.22,2,1,South,One year,Yes,0
59,54,52.5,127.82,3,1,North,Two year,Yes,1
53,12,33.2,267.29,5,1,East,Month-to-month,No,1
68,6,39.2,222.0,2,0,North,One year,Yes,1
28,4,27.8,121.93,3,1,East,Two year,No,1
53,56,21.4,246.95,2,1,West,Month-to-month,Yes,1
66,46,58.8,260.94,4,1,West,Month-to-month,Yes,1
34,58,29.0,104.3,8,1,North,One year,No,0
61,46,24.9,133.23,5,2,West,Month-to-month,Yes,1
23,29,49.5,10.0,3,0,North,Month-to-month,Yes,0
59,43,20.4,70.48,1,0,South,Month-to-month,No,1
53,53,22.5,107.04,2,0,North,One year,No,1
29,29,32.2,192.79,2,1,North,Month-to-month,Yes,1
21,66,32.0,85.73,2,2,North,Month-to-month,Yes,0
61,65,36.2,131.09,3,1,North,Two year,No,0
31,58,65.5,56.34,1,1,West,Month-to-month,Yes,0
46,72,37.4,202.97,2,2,North,Two year,No,0
21,29,1.0,229.7,3,3,South,Month-to-month,Yes,1
73,9,37.2,227.25,1,1,East,Two year,Yes,1
49,35,32.6,186.3,2,0,West,One year,No,1
72,54,32.7,23.19,2,1,West,Month-to-month,No,0
27,57,35.9,119.9,3,0,North,Two year,Yes,0
29,28,31.5,142.23,3,2,West,Month-to-month,Yes,1
53,22,31.2,142.65,4,0,East,Month-to-month,No,1
53,33,41.8,192.87,3,1,North,Month-to-month,Yes,1
63,58,23.3,334.68,4,0,South,One year,No,1
71,5,16.8,270.27,3,0,West,Month-to-month,Yes,1
65,24,80.4,81.31,4,0,South,Month-to-month,Yes,1
26,17,20.5,256.23,5,0,North,Month-to-month,No,1
35,59,33.6,252.23,2,1,West,Month-to-month,No,0
71,34,8.1,100.36,3,0,West,Month-to-month,Yes,1
49,7,33.9,274.13,2,2,West,Month-to-month,No,1
68,19,17.1,168.16,2,1,West,Month-to-month,Yes,1
50,4,24.9,36.95,2,3,West,Month-to-month,Yes,1
20,35,48.7,232.8,6,1,South,One year,Yes,1
45,72,39.6,207.78,2,1,North,Month-to-month,No,1
65,41,41.1,161.09,2,0,East,One year,Yes,0
55,63,3.7,181.07,4,0,North,Month-to-month,Yes,1
25,54,61.4,109.5,5,0,South,Month-to-month,No,1
30,64,12.9,249.06,5,0,East,Month-to-month,Yes,1
67,23,56.5,180.44,2,0,West,Month-to-month,Yes,1
74,69,48.3,202.48,3,1,South,Month-to-month,Yes,1
61,18,41.2,222.5,4,0,South,One year,No,1
23,32,18.3,63.77,4,0,East,Month-to-month,No,1
53,50,34.4,91.1,2,1,North,Month-to-month,No,1
66,21,24.5,10.0,3,3,East,One year,Yes,1
55,20,32.5,244.3,2,1,East,Month-to-month,Yes,1
52,10,28.0,57.72,6,1,East,Month-to-month,No,1
45,1,1.0,198.92,1,1,South,Month-to-month,Yes,1
32,37,49.9,223.95,3,0,West,Month-to-month,Yes,0
34,72,30.7,248.25,4,0,South,Month-to-month,Yes,0
61,16,24.2,58.58,4,1,East,One year,Yes,1
22,32,23.0,178.16,4,0,South,Two year,Yes,0
22,68,37.7,360.38,4,1,North,Month-to-month,No,0
41,56,17.7,365.0,4,1,East,One year,Yes,0
62,1,1.0,288.67,1,0,North,One year,Yes,1
56,37,38.5,220.44,1,1,West,Month-to-month,Yes,1
52,11,40.3,79.46,1,3,East,One year,Yes,1
48,18,28.8,260.46,5,0,South,One year,Yes,1
24,18,13.6,168.41,3,1,South,Two year,No,1
37,45,33.4,243.86,7,1,East,Two year,Yes,1
22,15,8.6,118.55,3,1,South,Month-to-month,No,1
61,19,15.6,166.84,2,2,South,Month-to-month,Yes,1
61,17,20.0,202.24,5,0,South,Month-to-month,Yes,1
32,26,45.5,210.86,1,0,South,Month-to-month,No,1
34,48,26.2,236.84,3,0,West,Month-to-month,No,1
36,29,24.8,124.18,4,0,North,Two year,No,1
69,24,63.3,43.96,3,1,West,Month-to-month,No,1
46,38,37.6,355.6,0,0,South,Month-to-month,No,0
62,45,37.4,446.37,3,1,East,Two year,Yes,1
44,2,26.1,231.98,2,0,North,Month-to-month,Yes,1
58,65,22.5,45.98,5,1,South,Month-to-month,Yes,1
48,66,1.0,103.81,0,1,West,Two year,No,0
34,44,47.5,238.46,2,3,South,Month-to-month,Yes,0
68,42,39.2,325.82,4,0,North,Month-to-month,Yes,1
59,51,29.1,57.65,1,3,East,Month-to-month,Yes,1
62,32,29.8,171.95,5,1,North,Two year,Yes,1
72,27,43.8,205.57,2,2,South,Month-to-month,Yes,1
32,26,7.1,275.78,1,1,South,Month-to-month,Yes,1
23,12,22.6,148.92,3,0,East,Month-to-month,Yes,1
51,61,13.8,20.8,2,0,East,Month-to-month,No,1
36,24,60.3,250.23,4,2,East,Two year,Yes,0
43,21,46.0,303.1,2,2,West,Month-to-month,Yes,1
31,70,1.0,176.33,0,2,North,Two year,Yes,0
41,37,7.8,227.55,5,2,South,Month-to-month,Yes,1
40,45,29.9,135.18,3,1,North,Month-to-month,Yes,0
38,18,24.4,96.19,3,1,North,Two year,Yes,1
61,20,10.8,292.77,3,0,North,Month-to-month,Yes,0
52,53,63.1,225.69,1,0,East,Month-to-month,No,0
45,33,37.0,236.49,2,1,West,Two year,Yes,1
24,11,39.6,342.72,5,0,West,Month-to-month,Yes,0
51,61,20.9,74.24,3,1,East,Month-to-month,Yes,1
28,29,43.6,127.04,1,1,West,Two year,Yes,0
36,49,25.9,201.58,4,0,North,Month-to-month,Yes,1
42,25,27.5,125.75,4,3,West,Month-to-month,Yes,1
26,41,41.8,267.23,6,0,West,Month-to-month,Yes,1
40,56,5.9,165.32,5,1,North,Month-to-month,Yes,1
33,64,57.6,80.78,5,1,South,Month-to-month,No,0
67,15,34.9,191.91,3,1,West,One year,Yes,1
67,49,52.5,202.89,1,0,South,Month-to-month,Yes,0
18,66,14.8,283.14,4,0,West,One year,Yes,0
52,47,17.2,226.28,4,1,West,Month-to-month,Yes,1
55,11,13.4,233.42,0,1,South,Month-to-month,No,1
39,14,36.0,218.63,0,1,North,Month-to-month,Yes,1
45,15,33.1,165.24,7,1,South,One year,Yes,1
63,8,24.6,109.8,3,0,North,Month-to-month,No,1
39,55,15.8,215.33,1,0,South,Month-to-month,Yes,0
21,70,11.7,150.02,2,0,East,Two year,Yes,0
39,38,31.2,362.43,3,1,South,One year,Yes,0
32,44,24.6,325.93,2,2,North,Month-to-month,No,1
40,56,21.0,251.45,9,1,South,Two year,Yes,1
31,30,56.8,224.74,3,0,East,Month-to-month,No,1
26,35,30.7,175.76,3,0,North,Month-to-month,Yes,1
75,43,52.3,52.58,2,0,North,Month-to-month,No,1
25,22,23.5,162.3,3,0,West,Month-to-month,Yes,1
58,5,35.9,195.65,4,3,North,Month-to-month,Yes,1
59,41,31.1,209.09,1,1,South,One year,Yes,1
53,60,4.8,234.3,4,0,North,Month-to-month,Yes,1
70,6,54.9,281.74,3,1,North,One year,Yes,1
18,16,29.8,112.32,2,0,South,Two year,No,1
35,19,43.9,113.28,0,2,East,One year,No,1
28,58,20.0,337.34,3,0,North,One year,No,0
51,37,29.4,265.95,2,0,North,One year,No,0
54,39,18.1,143.97,5,1,North,Two year,Yes,1
70,47,51.8,173.74,3,0,East,Month-to-month,No,0
40,20,37.0,174.22,1,0,West,Month-to-month,Yes,1
31,52,37.9,188.32,4,2,North,Month-to-month,No,1
71,3,53.7,234.63,5,1,South,Month-to-month,Yes,1
57,9,50.5,451.17,0,1,South,Month-to-month,Yes,1
62,59,44.2,204.92,3,0,South,One year,Yes,1
43,48,9.3,254.57,2,0,North,Month-to-month,No,1
43,13,20.9,10.0,1,3,North,Two year,No,1
40,32,15.9,134.09,0,0,East,Month-to-month,No,1
61,4,43.6,314.03,3,1,South,Month-to-month,Yes,1
30,49,34.7,227.24,7,0,South,Month-to-month,Yes,1
74,55,9.8,10.0,3,1,South,Month-to-month,No,1
28,21,29.0,255.77,3,1,West,Month-to-month,No,1
44,26,8.1,386.41,3,0,East,Month-to-month,Yes,1
36,18,31.1,10.0,7,1,South,Month-to-month,Yes,1
55,29,5.5,344.54,2,2,North,Month-to-month,No,1
57,20,40.5,10.0,2,0,West,Month-to-month,No,1
71,18,38.0,283.49,3,1,West,Month-to-month,Yes,1
63,31,62.5,184.09,2,1,North,Month-to-month,No,1
32,62,45.6,10.0,4,1,West,Month-to-month,No,1
29,55,25.2,231.84,2,2,East,Month-to-month,Yes,1
69,22,45.1,305.84,4,0,North,Month-to-month,Yes,1
46,68,9.6,223.21,1,1,West,Month-to-month,Yes,1
23,16,16.6,246.41,4,0,North,One year,No,1
65,66,37.3,141.77,2,1,North,Two year,Yes,1
55,23,1.0,10.0,3,1,North,Two year,No,1
19,39,31.4,257.65,2,0,South,Month-to-month,Yes,1
63,15,15.7,368.72,4,0,East,Month-to-month,Yes,1
53,55,33.6,303.61,2,2,South,Month-to-month,No,1
53,23,14.8,10.0,0,1,North,One year,No,1
68,63,38.8,25.94,4,1,North,One year,Yes,1
46,6,32.3,96.17,1,2,West,Two year,Yes,0
44,37,54.4,17.74,2,0,West,Two year,Yes,0
53,12,32.1,189.64,2,0,West,Month-to-month,Yes,1
29,65,19.7,226.31,0,0,North,One year,Yes,0
26,31,28.0,34.82,2,1,West,One year,Yes,1
66,49,10.5,266.6,2,2,East,Month-to-month,Yes,0
30,64,38.5,248.12,3,0,East,Two year,No,0
47,39,41.4,127.44,3,0,North,Month-to-month,No,1
33,5,71.5,166.89,2,2,West,Two year,No,1
31,16,22.1,10.0,3,1,South,One year,Yes,1
52,16,27.7,150.11,3,0,North,Month-to-month,Yes,1
64,66,22.8,185.78,5,2,North,One year,Yes,0
43,66,35.4,202.72,3,3,South,Month-to-month,No,1
26,35,38.1,224.78,5,0,North,One year,Yes,0
32,65,31.1,210.65,4,0,South,One year,Yes,0
27,18,49.4,157.24,2,1,South,One year,Yes,0
69,49,22.1,215.05,3,0,West,Two year,No,1
36,29,47.8,290.21,0,0,North,Month-to-month,Yes,1
39,18,40.6,174.97,2,0,East,Month-to-month,Yes,1
22,19,31.8,218.35,1,1,West,Month-to-month,No,1
43,31,27.0,165.45,1,0,West,Month-to-month,Yes,0
71,25,70.8,117.09,2,0,West,Month-to-month,Yes,1
41,16,18.9,239.9,2,2,North,Month-to-month,Yes,1
55,25,36.8,126.7,0,0,West,Month-to-month,No,1
28,10,20.0,225.55,0,0,West,Month-to-month,No,0
26,70,60.6,187.97,2,1,South,Two year,Yes,0
60,28,46.2,153.09,2,2,South,Month-to-month,No,1
21,8,21.1,150.55,0,0,East,Two year,No,0
44,42,40.2,131.65,1,0,South,Month-to-month,Yes,0
36,64,36.1,12.19,1,1,South,Month-to-month,Yes,1
18,26,23.7,225.2,7,1,West,Month-to-month,Yes,1
48,61,44.1,209.31,1,1,West,Month-to-month,No,0
73,44,38.2,274.22,2,0,South,Month-to-month,Yes,0
22,54,35.5,129.2,3,1,West,Month-to-month,No,1
65,22,31.3,384.02,3,0,South,Month-to-month,Yes,1
49,3,38.9,145.13,3,0,West,Month-to-month,No,1
59,25,35.7,93.11,6,1,East,One year,Yes,1
23,67,32.9,80.66,3,3,South,Month-to-month,No,0
68,57,21.7,10.0,1,1,North,One year,Yes,0
18,57,59.1,345.93,2,2,East,Month-to-month,Yes,0
70,64,15.2,328.96,1,0,South,Two year,Yes,0
56,27,38.8,248.08,5,2,North,One year,Yes,0
37,24,26.9,90.91,1,1,North,Two year,Yes,1
18,67,60.2,375.18,4,2,West,Two year,No,0
53,42,17.5,148.07,4,2,North,Month-to-month,Yes,1
23,22,20.2,156.75,2,0,West,Month-to-month,Yes,0
53,21,16.5,335.91,4,0,West,Month-to-month,Yes,1
62,64,37.2,254.19,6,0,North,One year,Yes,0
33,4,10.0,416.12,2,1,East,One year,Yes,1
31,5,24.3,211.12,2,1,East,Month-to-month,Yes,0
30,54,1.0,143.31,1,2,South,Two year,Yes,1
31,1,35.8,120.76,2,1,East,Month-to-month,No,1
24,13,24.0,10.0,10,2,South,One year,Yes,1
32,72,8.2,155.75,5,1,South,One year,No,1
56,31,49.4,305.18,6,1,South,Month-to-month,No,1
35,53,11.1,247.88,1,1,West,One year,No,0
63,36,44.8,187.13,2,0,East,One year,Yes,0
65,7,20.8,80.53,3,2,South,Month-to-month,No,1
62,14,57.6,208.82,1,1,West,Month-to-month,Yes,1
49,55,44.0,291.35,3,1,West,Month-to-month,No,0
36,7,15.9,230.23,5,2,West,One year,Yes,1
71,43,17.3,202.51,2,0,East,Month-to-month,No,1
29,26,41.7,101.32,3,1,South,Two year,No,0
44,27,27.8,276.05,1,0,West,Two year,No,0
44,69,29.3,10.0,3,0,South,Month-to-month,Yes,0
61,44,52.4,225.2,1,3,South,Month-to-month,No,1
49,45,20.0,454.88,3,0,South,One year,Yes,1
64,26,33.5,26.62,1,0,West,One year,No,1
71,28,47.3,159.66,1,0,East,Month-to-month,Yes,1
40,50,44.9,184.17,3,0,South,Month-to-month,No,1
68,3,29.4,136.43,4,0,South,Month-to-month,Yes,1
27,18,27.4,293.82,2,1,South,Two year,Yes,1
71,44,4.2,234.61,2,0,East,Month-to-month,Yes,0
28,45,15.1,200.99,4,0,South,Two year,Yes,1
67,7,37.1,268.71,1,0,East,Month-to-month,Yes,1
40,57,29.8,186.76,2,0,South,Two year,No,0
73,40,33.2,518.89,3,0,South,Month-to-month,No,0
25,18,48.6,200.89,4,0,West,Month-to-month,No,1
44,55,13.0,205.5,2,1,South,Two year,No,0
70,72,28.2,10.0,3,2,North,Two year,Yes,1
20,31,35.0,127.94,4,2,South,Month-to-month,Yes,1
33,21,20.7,305.47,1,0,East,Month-to-month,Yes,0
22,22,54.9,44.78,3,0,North,Month-to-month,Yes,1
36,43,46.5,10.0,4,0,South,Month-to-month,Yes,0
40,4,36.6,188.39,4,0,North,Month-to-month,No,1
53,35,60.7,328.93,0,1,East,Two year,Yes,0
32,2,8.0,189.45,2,2,East,Month-to-month,No,1
27,3,31.9,149.71,1,0,West,One year,Yes,0
27,31,37.9,10.0,3,0,South,Month-to-month,No,1
72,54,17.4,232.49,2,0,West,Month-to-month,Yes,1
73,64,36.8,254.43,2,3,North,One year,No,1
30,7,14.3,10.0,5,2,West,Month-to-month,Yes,1
29,18,43.0,304.13,2,0,East,One year,Yes,1
21,31,48.9,265.4,3,0,West,Month-to-month,Yes,0
73,42,36.4,303.89,5,1,West,Two year,Yes,1
58,72,2.4,246.27,1,1,East,One year,Yes,0
62,50,16.5,253.64,1,1,South,Two year,Yes,1
34,39,41.0,239.68,0,0,East,Month-to-month,Yes,1
55,5,32.3,276.19,7,3,West,Month-to-month,No,1
21,6,1.0,10.0,3,3,West,Month-to-month,Yes,1
57,12,51.9,27.39,3,1,West,Month-to-month,Yes,1
51,48,34.2,107.72,4,2,North,Month-to-month,No,1
37,24,18.9,171.37,5,1,East,Month-to-month,Yes,1
59,18,47.9,225.75,0,0,North,Month-to-month,No,0
55,49,21.2,219.09,2,0,East,Month-to-month,Yes,1
43,59,21.0,302.3,1,0,West,Month-to-month,Yes,0
28,32,37.7,305.59,6,1,North,Month-to-month,Yes,1
19,64,60.5,93.4,6,0,East,Month-to-month,Yes,0
72,53,58.0,210.05,4,2,West,One year,Yes,0
34,52,37.8,95.98,1,0,West,Month-to-month,No,0
35,63,39.4,165.23,4,1,South,Month-to-month,Yes,1
57,14,44.7,218.79,3,1,North,Month-to-month,No,1
32,55,11.9,10.0,1,0,West,One year,Yes,0
39,69,42.3,438.18,3,1,West,Month-to-month,Yes,1
59,72,20.3,244.47,3,1,East,One year,No,0
52,42,37.1,122.45,1,0,West,Two year,No,0
56,55,28.4,387.37,6,0,North,Month-to-month,Yes,1
18,64,40.0,148.52,5,1,East,Two year,Yes,1
44,62,33.9,198.91,4,0,North,One year,Yes,0
45,65,1.0,133.85,2,0,West,Month-to-month,Yes,0
54,60,34.9,358.46,3,1,East,Month-to-month,No,1
26,28,42.3,173.98,1,2,West,One year,Yes,1
27,53,39.1,200.7,2,1,East,Two year,No,0
62,30,30.4,311.4,1,2,North,Month-to-month,Yes,1
57,58,58.3,246.44,0,1,North,Month-to-month,Yes,0
65,59,37.0,179.29,1,1,South,One year,Yes,1
33,68,39.0,301.59,5,1,East,Month-to-month,Yes,1
75,43,48.7,451.54,1,2,North,One year,Yes,1
33,35,37.8,218.33,3,1,West,Month-to-month,No,1
55,12,17.6,197.26,4,2,North,One year,No,1
27,46,1.0,202.92,3,0,South,Two year,No,1
71,41,24.4,322.6,4,0,North,One year,Yes,1
37,38,44.2,122.08,3,0,South,One year,No,1
64,49,26.4,155.78,6,1,South,One year,No,1
37,62,44.8,23.57,4,0,North,Two year,No,0
63,11,34.4,60.69,2,1,East,Two year,Yes,1
44,32,52.6,130.63,2,0,West,Month-to-month,Yes,1
21,53,27.3,179.13,4,2,West,One year,No,0
29,60,39.5,370.75,4,2,South,Month-to-month,Yes,0
57,57,40.1,241.28,3,1,West,Two year,Yes,1
29,58,56.0,89.23,1,0,West,One year,Yes,1
33,62,4.7,108.56,5,2,West,Month-to-month,Yes,1
49,70,24.7,329.35,1,1,South,Month-to-month,Yes,1
32,44,45.6,303.29,4,0,West,Month-to-month,No,1
25,18,56.7,187.96,3,0,East,One year,No,0
54,41,35.8,138.53,1,0,North,Month-to-month,Yes,1
57,52,27.3,303.12,2,0,South,Month-to-month,Yes,1
60,8,44.1,80.7,4,0,East,Two year,No,1
72,55,45.9,226.16,1,1,North,One year,Yes,0
25,40,26.2,423.63,1,0,South,Month-to-month,Yes,0
42,68,37.3,206.56,8,1,West,Month-to-month,Yes,1
31,16,50.9,103.56,2,1,North,Two year,Yes,0
70,66,62.2,228.09,2,0,South,One year,No,0
49,33,43.9,135.65,2,0,North,One year,Yes,0
23,42,32.7,38.62,3,1,East,Month-to-month,No,0
58,48,31.1,258.61,0,1,North,Month-to-month,Yes,0
20,42,40.9,302.37,3,1,West,Month-to-month,No,1
33,66,30.1,152.35,3,1,North,One year,No,1
59,13,35.0,145.39,1,2,West,Month-to-month,Yes,1
47,53,15.1,84.04,6,0,West,Month-to-month,Yes,0
62,71,52.8,169.26,2,0,West,One year,Yes,0
51,16,13.8,125.95,5,1,West,Two year,No,1
66,19,25.1,78.84,3,1,North,One year,No,1
50,35,33.6,383.68,3,1,West,Month-to-month,Yes,1
21,53,63.9,233.98,3,0,East,Month-to-month,Yes,0
22,70,25.2,245.1,2,0,West,Month-to-month,No,1
63,58,21.3,277.76,4,1,West,Month-to-month,No,1
20,58,23.2,265.96,4,2,East,Month-to-month,Yes,1
39,32,58.5,141.62,5,1,South,Month-to-month,Yes,0
18,47,1.0,213.62,4,4,North,One year,Yes,1
35,16,16.0,156.75,3,1,North,Two year,No,1
52,34,75.7,231.04,4,1,South,Two year,Yes,1
28,14,41.5,220.88,1,0,West,Month-to-month,No,1
45,2,14.3,144.82,5,0,East,Month-to-month,Yes,1
75,62,31.3,45.42,1,0,South,Month-to-month,Yes,0
22,58,33.1,200.35,3,0,North,Month-to-month,Yes,0
21,37,45.5,163.55,3,0,East,Month-to-month,No,1
33,2,61.4,10.0,2,2,East,Month-to-month,Yes,1
65,7,38.2,238.3,2,1,West,One year,No,1
41,9,23.4,286.36,3,1,East,Month-to-month,Yes,1
55,52,44.6,450.48,0,1,East,Two year,No,1
19,15,20.8,143.92,5,0,West,Month-to-month,No,1
60,19,15.5,128.44,3,1,South,Month-to-month,No,1
21,62,3.8,68.51,4,1,West,Month-to-month,Yes,0
59,64,7.0,206.91,2,1,South,Month-to-month,No,1
26,55,17.7,206.24,4,0,North,Month-to-month,Yes,1
67,23,13.2,99.81,0,0,South,Two year,Yes,1
35,42,37.0,166.63,2,0,North,Month-to-month,No,1
28,15,12.8,10.0,4,0,North,Month-to-month,No,1
37,62,1.0,282.27,3,0,West,One year,Yes,1
18,7,15.3,104.08,0,0,West,Month-to-month,No,1
27,54,24.5,181.36,4,1,North,One year,Yes,0
52,37,22.3,35.2,2,2,West,Month-to-month,No,1
35,55,56.3,123.85,5,2,North,One year,No,0
38,33,22.2,155.64,3,0,South,Month-to-month,No,1
64,12,46.1,183.81,3,1,East,Month-to-month,No,1
25,55,31.7,235.37,6,4,South,One year,No,1
40,46,31.3,336.1,1,2,East,Two year,No,0
28,34,18.6,261.93,4,1,West,Month-to-month,Yes,1
46,27,31.1,286.03,1,0,North,One year,Yes,0
37,25,19.8,336.84,4,0,North,Month-to-month,No,1
20,35,34.7,244.82,4,1,West,Month-to-month,Yes,1
22,19,28.2,181.15,4,0,East,Month-to-month,No,1
67,21,16.9,290.96,7,0,East,One year,Yes,1
21,21,47.9,297.67,4,3,South,Month-to-month,No,1
63,1,38.8,253.1,3,0,South,One year,Yes,1
71,67,24.8,32.26,4,1,East,Month-to-month,No,1
45,18,34.3,96.65,3,2,East,Two year,No,1
36,12,30.7,156.14,0,0,North,Two year,Yes,1
63,11,18.1,266.86,3,0,East,Month-to-month,No,1
74,72,33.1,182.76,2,1,East,Month-to-month,Yes,1
24,35,22.1,304.37,3,2,North,Month-to-month,No,1
73,24,16.9,323.1,3,0,South,Two year,No,1
72,30,6.0,310.91,3,1,West,Month-to-month,Yes,1
26,7,26.3,311.58,4,1,East,Month-to-month,Yes,1
21,23,41.1,76.12,3,1,North,Month-to-month,Yes,1
59,18,20.9,235.68,5,0,North,One year,Yes,1
22,58,72.3,121.21,1,2,East,Month-to-month,No,0
52,5,46.2,11.85,3,2,South,Month-to-month,Yes,1
21,31,52.9,154.82,1,0,West,Two year,No,0
58,57,44.7,324.1,2,1,East,Month-to-month,No,1
31,61,61.6,233.38,3,1,West,Two year,No,0
23,37,19.4,396.87,1,0,North,Month-to-month,Yes,0
21,17,1.0,203.61,1,0,South,Month-to-month,Yes,1
28,25,24.9,442.02,6,2,North,Two year,No,1
49,17,40.9,203.64,5,0,East,One year,No,1
22,48,34.4,187.36,6,0,North,One year,No,0
64,22,36.4,50.66,1,0,South,Month-to-month,Yes,1
53,46,53.1,301.61,2,1,South,Month-to-month,Yes,1
35,48,38.1,132.28,3,0,North,Month-to-month,No,0
75,68,44.8,117.06,3,0,North,Month-to-month,No,1
56,27,17.0,319.53,1,1,East,Month-to-month,Yes,1
56,70,14.5,306.61,3,1,West,Month-to-month,No,1
28,29,57.8,303.87,3,2,North,Month-to-month,Yes,1
59,50,33.6,146.97,1,1,South,Month-to-month,Yes,1
50,48,22.0,179.65,2,2,North,Month-to-month,Yes,1
75,59,22.1,178.72,1,0,West,Month-to-month,Yes,0
45,34,21.6,267.16,2,0,South,Two year,Yes,1
57,58,20.7,348.12,5,1,West,One year,Yes,0
37,26,11.5,223.66,4,0,North,Month-to-month,Yes,1
20,36,8.0,392.36,3,0,North,One year,Yes,0
25,36,28.9,279.21,3,1,East,Two year,Yes,0
68,51,22.5,160.35,2,2,East,Month-to-month,Yes,1
60,45,49.7,272.01,3,0,West,Month-to-month,No,1
39,6,36.7,364.12,1,0,West,Month-to-month,No,1
58,59,36.2,394.82,4,0,West,Month-to-month,Yes,0
18,55,20.1,309.62,1,1,East,One year,Yes,0
20,8,30.1,187.7,3,0,South,Two year,No,1
47,70,37.8,162.25,2,2,South,Month-to-month,No,1
54,48,43.5,245.49,2,1,North,One year,No,0
72,7,30.5,360.77,1,2,South,Month-to-month,No,1
62,36,49.3,230.55,2,0,South,One year,No,0
32,61,32.1,232.73,1,0,North,One year,No,1
65,21,44.7,190.4,1,1,North,Month-to-month,Yes,1
46,68,24.2,150.57,4,1,East,Month-to-month,No,1
65,31,3.0,167.98,2,0,South,One year,No,1
28,17,36.3,199.22,3,0,West,Two year,No,1
19,26,43.6,365.4,2,0,South,Month-to-month,Yes,1
21,38,41.2,159.83,4,0,West,Month-to-month,Yes,1
75,50,38.8,190.52,2,2,East,Month-to-month,Yes,1
22,67,26.4,94.14,6,1,North,One year,Yes,1
72,15,19.1,260.25,2,1,North,One year,No,1
60,70,40.8,328.5,1,1,East,One year,No,0
26,38,38.8,355.57,1,0,East,One year,Yes,0
68,10,23.0,206.35,5,1,South,Two year,No,1
26,67,49.8,245.31,2,1,East,One year,Yes,0
26,26,17.9,168.88,5,1,West,Month-to-month,Yes,1
51,45,22.7,240.44,1,2,South,One year,Yes,1
34,51,58.2,217.97,4,0,North,Month-to-month,Yes,1
34,1,45.9,191.12,2,1,South,Month-to-month,No,1
29,16,26.3,199.46,4,1,West,Two year,No,1
53,50,36.6,232.45,3,2,West,One year,No,0
19,24,34.5,154.11,4,0,West,Two year,Yes,0
32,1,1.0,159.54,4,0,West,Month-to-month,No,1
50,2,17.5,364.27,2,1,North,Month-to-month,Yes,1
46,60,31.2,469.61,8,1,South,Month-to-month,Yes,1
58,12,26.3,58.54,2,1,North,Month-to-month,Yes,1
30,8,36.0,52.76,3,0,North,Month-to-month,No,1
55,41,50.1,84.5,2,0,West,Month-to-month,No,1
62,9,26.9,174.15,0,1,West,Month-to-month,Yes,1
40,48,15.1,279.06,3,0,North,Two year,No,0
32,40,37.2,247.08,3,0,East,Month-to-month,Yes,1
50,47,26.8,203.06,3,2,East,Month-to-month,Yes,1
51,36,29.5,240.54,1,0,North,One year,No,0
23,57,27.3,112.33,1,0,West,Month-to-month,No,1
50,47,67.9,159.37,3,0,West,Two year,No,1
26,30,1.0,182.89,8,2,East,One year,No,1
50,2,25.8,18.66,2,2,East,Month-to-month,Yes,1
72,20,31.9,63.06,1,1,South,One year,No,1
49,10,19.5,67.24,6,0,West,One year,No,1
62,2,46.4,265.23,3,1,South,One year,Yes,1
35,20,45.0,210.76,3,1,West,One year,Yes,1
71,15,31.2,249.16,1,0,North,One year,Yes,0
65,6,27.7,10.0,3,2,North,One year,No,1
71,23,30.2,29.23,5,0,West,Month-to-month,No,1
61,37,30.3,254.64,5,0,South,One year,No,1
55,13,30.7,10.0,0,1,South,Two year,Yes,1
48,20,29.0,313.59,4,2,West,One year,Yes,1
71,2,36.0,10.0,2,1,North,One year,Yes,1
67,4,44.1,273.55,3,3,East,Month-to-month,Yes,1
42,12,12.3,91.7,3,1,South,One year,Yes,1
22,33,15.2,295.13,5,3,North,Two year,Yes,1
18,48,4.0,521.86,2,0,West,Month-to-month,Yes,0
31,57,45.9,10.0,3,2,North,Month-to-month,Yes,0
21,46,36.0,258.01,3,0,North,Month-to-month,No,1
30,45,40.1,10.0,3,2,East,Month-to-month,Yes,1
24,68,9.1,229.81,1,0,West,One year,Yes,0
74,19,60.6,163.29,0,1,North,Month-to-month,Yes,1
23,58,22.3,198.63,2,1,East,Month-to-month,No,1
54,68,34.7,89.27,1,1,East,One year,No,0
38,41,45.7,266.96,1,3,West,One year,No,1
28,61,16.2,32.92,4,2,North,One year,No,1
58,10,23.3,315.37,1,1,West,One year,No,1
74,64,34.9,142.03,3,0,East,One year,No,1
63,41,77.7,37.72,1,1,West,One year,Yes,0
74,16,36.8,352.47,2,2,South,One year,Yes,1
52,5,57.7,177.93,0,0,West,Month-to-month,Yes,1
57,52,51.3,385.3,6,1,East,One year,Yes,1
26,32,37.9,313.24,0,1,North,Month-to-month,Yes,1
67,23,16.2,101.19,5,1,West,Month-to-month,Yes,1
61,29,49.0,176.08,3,1,West,Month-to-month,Yes,0
32,72,8.0,197.71,4,0,South,Two year,Yes,1
38,31,57.6,345.26,1,0,East,One year,Yes,1
53,6,35.2,230.94,4,1,South,Month-to-month,Yes,1
18,21,1.0,203.51,1,0,East,One year,Yes,0
65,11,26.6,164.01,3,0,West,Month-to-month,Yes,1
34,50,42.5,179.69,1,0,West,One year,No,0
22,58,28.2,321.98,4,0,North,One year,Yes,0
37,61,43.4,185.39,1,1,West,One year,Yes,1
66,46,18.4,143.53,1,1,South,One year,Yes,1
33,56,11.1,125.73,1,1,East,Month-to-month,Yes,0
49,31,30.9,126.85,3,2,West,Month-to-month,Yes,1
65,46,32.5,37.78,3,1,South,Two year,Yes,0
19,8,26.4,106.21,3,1,South,One year,Yes,1
62,39,51.6,342.33,2,0,South,Month-to-month,No,0
34,41,18.4,163.31,2,0,West,Month-to-month,No,1
58,3,37.0,258.96,3,0,South,Month-to-month,Yes,0
28,40,33.1,10.0,3,1,South,Month-to-month,Yes,1
26,53,7.1,244.67,7,1,South,Month-to-month,No,1
63,27,10.9,168.06,3,1,North,Month-to-month,Yes,1
64,40,32.2,134.45,5,1,South,Two year,No,1
74,21,63.7,204.0,3,0,North,Month-to-month,Yes,0
57,20,41.3,132.94,3,0,North,Month-to-month,Yes,1
45,10,4.4,10.0,3,1,East,Month-to-month,Yes,1
29,24,1.0,281.84,0,2,North,Month-to-month,No,1
35,58,43.7,210.52,3,0,East,One year,No,0
55,68,30.5,152.04,2,0,West,Month-to-month,No,1
38,46,50.3,83.55,4,0,East,One year,Yes,1
46,45,17.9,30.66,2,1,South,One year,No,1
27,45,37.6,208.51,5,0,North,Month-to-month,Yes,0
43,35,45.5,354.41,0,0,West,One year,Yes,0
31,31,24.8,206.33,4,1,West,Two year,No,1
24,45,25.2,39.81,6,2,East,Month-to-month,No,1
25,57,32.4,208.64,3,1,North,Month-to-month,Yes,0
48,30,40.7,179.4,2,2,North,Two year,Yes,1
39,41,31.8,275.72,0,1,South,Two year,Yes,1
23,34,47.6,248.71,2,2,North,Month-to-month,Yes,1
47,21,24.6,10.0,2,0,West,One year,Yes,1
27,21,10.7,242.25,3,1,North,Month-to-month,No,1
18,6,63.6,79.63,3,0,South,One year,Yes,1
25,32,22.3,35.72,1,0,West,Month-to-month,No,1
44,52,22.9,165.21,7,0,West,Month-to-month,Yes,1
73,50,30.9,228.15,2,1,North,One year,Yes,0
32,71,33.1,12.72,1,1,South,Two year,Yes,0
34,3,25.8,258.98,2,0,East,One year,Yes,1
32,55,31.7,265.15,4,0,East,Month-to-month,Yes,1
38,58,31.4,189.93,0,1,West,Month-to-month,No,0
59,32,34.8,93.9,1,0,West,Two year,No,1
36,21,1.0,82.17,3,0,West,Two year,Yes,1
56,26,62.1,292.72,2,0,North,Month-to-month,Yes,1
70,50,29.6,26.32,2,0,North,One year,No,1
72,63,41.3,296.77,4,0,East,Month-to-month,Yes,1
50,47,10.0,167.65,3,1,North,Month-to-month,No,1
59,38,24.5,174.94,2,0,South,Month-to-month,No,1
71,47,21.2,10.0,5,2,North,Month-to-month,No,1
63,6,55.5,169.59,6,2,West,Month-to-month,Yes,1
35,44,22.6,249.43,4,0,North,Two year,No,1
25,4,44.1,44.68,4,3,North,Month-to-month,Yes,1
24,70,21.6,237.36,0,1,North,Month-to-month,Yes,0
69,65,24.8,194.35,3,2,North,Month-to-month,No,1
50,37,28.1,117.41,0,0,East,Month-to-month,Yes,0
35,27,52.5,274.74,6,2,South,Month-to-month,No,1
38,53,1.8,10.0,4,1,West,One year,Yes,1
34,46,10.9,221.4,1,0,South,Month-to-month,Yes,0
64,51,1.0,355.04,3,0,East,One year,No,1
53,38,14.6,336.19,3,1,East,Two year,No,1
69,18,19.0,225.93,3,1,East,Month-to-month,Yes,1
35,6,6.2,153.32,5,2,West,Two year,No,1
45,21,20.3,118.24,2,0,North,Two year,Yes,1
25,39,1.0,153.19,3,0,East,One year,No,1
74,31,15.7,242.1,0,0,West,One year,No,1
47,37,51.2,100.24,2,2,West,One year,No,1
50,20,38.5,264.53,6,1,East,One year,Yes,1
41,68,35.0,408.98,4,0,East,One year,Yes,0
33,27,16.0,178.5,2,0,West,Month-to-month,No,0
73,61,7.4,43.84,4,0,East,Two year,Yes,0
46,29,13.8,43.8,1,1,West,One year,Yes,1
57,32,31.3,266.54,1,1,North,One year,No,1
20,44,45.9,178.73,1,1,South,Month-to-month,No,1
34,19,46.4,277.07,0,1,North,Month-to-month,No,1
64,16,42.1,128.97,2,0,North,Month-to-month,No,1
23,28,20.2,272.22,2,0,South,Month-to-month,No,1
23,58,32.4,168.38,4,1,North,Month-to-month,Yes,0
64,11,26.9,108.09,1,0,South,Month-to-month,No,1
35,32,28.8,142.9,0,1,South,Month-to-month,No,1
33,49,64.6,59.31,2,1,East,Month-to-month,No,0
50,51,3.8,393.88,2,0,West,Month-to-month,Yes,0
29,32,28.2,174.88,0,2,West,Two year,Yes,0
20,6,51.4,252.67,4,0,South,Month-to-month,Yes,1
18,2,8.5,128.63,2,1,South,Month-to-month,No,1
22,34,21.7,74.55,4,1,West,Month-to-month,Yes,1
27,59,23.5,160.44,3,0,North,Month-to-month,No,1
58,3,28.4,300.63,5,2,East,Month-to-month,No,1
35,64,6.5,130.32,2,1,South,One year,Yes,0
22,49,41.5,93.59,2,2,North,Two year,Yes,0
18,1,42.7,201.32,5,0,East,Month-to-month,Yes,1
45,25,40.1,237.4,0,1,South,One year,Yes,1
66,16,18.1,357.5,0,3,North,Month-to-month,Yes,1
37,69,33.4,222.14,1,2,East,Month-to-month,Yes,0
21,40,17.6,252.62,2,0,North,Month-to-month,No,1
31,24,26.7,260.52,2,0,East,Month-to-month,Yes,1
46,21,66.5,63.93,1,0,North,One year,Yes,1
28,41,33.5,83.85,3,2,South,One year,Yes,1
74,1,13.0,71.19,5,1,West,One year,No,1
62,19,34.9,45.12,2,0,North,Month-to-month,Yes,0
37,12,10.4,268.52,2,0,West,One year,Yes,0
73,45,12.8,215.46,1,1,East,Month-to-month,No,1
36,49,15.3,193.35,4,2,West,Month-to-month,Yes,1
26,34,24.9,10.0,0,1,North,Month-to-month,Yes,1
72,11,47.0,400.83,8,0,East,One year,Yes,1
73,27,41.3,91.1,1,1,West,Two year,No,1
36,61,40.4,400.44,3,0,West,Month-to-month,No,0
52,15,14.4,32.83,3,0,North,One year,Yes,1
28,12,23.3,99.7,2,0,West,One year,No,1
55,9,36.4,10.0,0,1,North,One year,No,0
58,59,21.9,223.02,2,2,East,Month-to-month,No,1
59,9,27.5,69.37,1,0,South,One year,No,1
50,42,39.1,72.33,1,1,East,One year,No,0
58,72,26.4,40.89,6,0,East,Two year,Yes,0
50,47,35.6,266.62,6,1,North,Month-to-month,Yes,1
65,30,57.5,259.7,2,1,East,Two year,No,0
28,15,29.3,375.26,3,1,West,Month-to-month,Yes,1
46,1,50.9,113.0,4,1,South,Two year,Yes,1
42,12,40.9,207.98,2,0,South,Month-to-month,No,1
48,69,8.5,49.62,0,2,West,Month-to-month,No,1
26,11,14.4,149.82,5,0,North,Month-to-month,No,1
36,2,18.7,130.52,4,1,South,Month-to-month,No,1
73,59,18.3,233.77,4,2,East,Month-to-month,Yes,0
24,31,30.6,291.79,5,0,South,Month-to-month,No,1
54,26,41.8,289.06,5,2,West,Month-to-month,No,1
56,52,52.1,96.5,2,1,South,Month-to-month,Yes,1
45,38,36.9,289.84,0,0,West,One year,Yes,0
19,66,24.9,180.37,5,1,North,Two year,No,0
19,34,1.0,150.92,5,0,East,One year,Yes,1
33,52,33.1,110.61,2,1,East,Month-to-month,Yes,0
23,64,32.4,126.21,1,0,North,Month-to-month,Yes,1
23,34,34.9,367.94,4,1,North,Two year,Yes,1
27,21,65.7,217.28,0,1,East,Month-to-month,Yes,1
29,71,51.8,203.33,4,0,East,Month-to-month,No,0
66,17,44.6,157.46,3,1,East,Two year,No,1
55,3,16.6,441.83,5,3,North,Two year,No,1
19,42,23.8,322.03,3,0,East,Month-to-month,Yes,1
54,72,30.5,109.29,5,1,West,One year,Yes,0
25,7,19.6,156.27,4,2,North,Month-to-month,Yes,1
42,62,40.0,162.5,1,0,South,One year,No,0
20,60,37.7,200.32,4,1,South,Month-to-month,No,1
23,67,14.6,111.37,0,0,West,Month-to-month,Yes,0
25,31,51.1,231.08,1,2,South,One year,No,1
43,19,33.6,337.47,4,0,South,Month-to-month,Yes,0
44,37,4.3,47.07,0,3,East,One year,Yes,1
38,11,31.2,66.54,2,3,North,Month-to-month,No,1
53,61,36.5,134.27,5,0,West,Two year,Yes,1
59,48,47.6,139.14,4,1,West,One year,No,0
60,35,26.6,394.84,2,0,East,Month-to-month,Yes,0
51,38,45.2,290.18,4,1,East,One year,No,0
49,52,35.0,284.15,3,2,East,Month-to-month,Yes,0
46,38,11.0,157.24,4,0,West,Month-to-month,Yes,1
31,61,9.4,154.94,0,1,West,Month-to-month,Yes,1
46,67,50.0,32.57,2,1,South,Two year,No,0
18,69,51.1,267.08,2,0,South,One year,Yes,0
74,45,37.2,236.56,0,1,East,Two year,No,0
39,54,55.9,320.03,2,1,North,Two year,Yes,0
61,23,48.9,162.86,3,0,West,Two year,Yes,1
73,3,42.9,170.11,2,1,West,Month-to-month,Yes,0
46,29,17.4,202.85,1,1,East,Two year,No,1
67,63,59.7,278.65,3,2,South,One year,Yes,0
45,10,40.6,30.63,5,0,South,Month-to-month,Yes,1
25,40,25.8,262.29,4,0,South,One year,Yes,0
19,14,21.3,182.85,2,1,East,Month-to-month,Yes,1
25,31,36.1,73.84,4,1,West,Month-to-month,Yes,1
72,11,5.3,10.0,3,2,East,Month-to-month,Yes,1
45,53,43.2,170.67,4,1,West,Month-to-month,Yes,1
36,59,16.7,337.01,3,1,West,Month-to-month,No,1
43,55,37.9,360.84,2,1,East,Two year,Yes,0
32,51,23.7,222.31,4,0,South,One year,No,0
68,17,27.8,391.01,1,0,East,Month-to-month,Yes,1
75,39,19.9,180.49,4,2,South,Month-to-month,No,1
22,8,29.4,285.1,4,0,East,Month-to-month,No,0
59,27,62.2,137.62,2,0,West,Month-to-month,Yes,0
37,37,54.2,130.97,3,2,South,One year,Yes,1
20,49,37.7,113.86,6,2,East,Month-to-month,Yes,1
71,7,31.6,10.0,0,1,North,One year,No,1
21,59,45.5,320.14,4,1,East,One year,Yes,0
29,34,50.1,117.63,1,0,South,One year,Yes,0
19,64,18.7,100.85,3,0,South,Two year,Yes,1
45,38,30.8,61.1,3,0,East,Month-to-month,Yes,1
52,40,2.8,163.54,5,0,North,Two year,No,1
36,50,50.0,370.17,5,2,East,One year,No,1
22,60,65.0,404.85,2,0,East,One year,No,1
24,12,33.3,10.61,2,1,South,One year,No,1
72,37,1.0,147.78,6,0,North,Two year,No,1
64,3,41.7,76.39,2,1,South,Two year,Yes,1
72,35,17.5,288.78,4,0,North,Month-to-month,No,1
48,59,21.4,215.09,3,2,South,One year,No,1
49,63,42.0,118.16,3,2,East,One year,No,0
63,21,36.1,192.62,5,1,North,Month-to-month,No,1
53,28,24.2,134.87,2,1,East,Two year,Yes,1
43,40,21.6,354.5,5,0,North,Month-to-month,No,1
34,29,34.0,242.43,5,0,West,One year,No,1
46,13,25.4,255.33,2,1,East,Month-to-month,Yes,1
21,22,14.3,10.0,4,1,South,Month-to-month,No,1
29,30,26.7,177.99,3,2,East,Two year,Yes,1
60,38,37.4,403.74,5,2,North,Month-to-month,Yes,1
68,67,29.2,324.24,1,0,North,Month-to-month,Yes,0
23,40,9.4,10.0,6,1,West,Month-to-month,No,1
23,28,47.8,152.09,4,0,West,Month-to-month,No,1
22,48,1.0,58.84,2,1,North,One year,Yes,1
63,56,24.9,364.67,3,1,South,Two year,Yes,1
36,31,22.1,210.65,6,1,North,Month-to-month,Yes,1
36,36,34.4,104.38,2,0,South,One year,Yes,1
18,16,41.0,188.59,3,0,South,Month-to-month,Yes,1
74,63,50.0,10.0,3,1,South,One year,Yes,0
43,63,20.6,71.08,8,0,East,Month-to-month,No,1
64,13,41.4,188.83,3,0,North,Month-to-month,Yes,1
59,25,35.1,273.8,4,1,West,Month-to-month,Yes,0
26,20,4.6,10.0,3,1,East,One year,No,1
64,67,62.4,144.98,2,0,West,Month-to-month,Yes,0
49,5,9.0,291.02,5,0,North,Month-to-month,No,1
53,15,38.7,32.6,0,0,East,One year,Yes,0
29,23,38.2,209.06,1,1,West,One year,Yes,1
67,41,36.4,191.93,2,0,North,Month-to-month,Yes,1
72,18,24.1,365.01,5,0,West,One year,Yes,1
41,39,45.2,160.84,6,0,South,Two year,No,1
23,54,7.0,166.98,6,0,West,Month-to-month,No,0
67,60,30.9,274.77,2,0,South,One year,No,0
69,8,23.0,45.73,6,0,West,Month-to-month,Yes,0
47,10,21.2,161.81,4,2,North,One year,No,1
51,7,38.9,137.15,5,0,South,Month-to-month,Yes,1
30,66,49.2,170.41,4,3,South,One year,Yes,0
21,47,26.5,274.08,2,3,North,Month-to-month,No,1
72,39,44.5,243.19,0,2,South,Month-to-month,Yes,1
46,57,32.8,106.39,5,0,South,Two year,Yes,1
33,43,17.7,199.35,2,1,North,Month-to-month,Yes,1
58,17,27.9,341.5,4,0,East,Two year,Yes,1
19,37,27.2,97.71,5,0,East,Two year,No,0
22,51,20.9,200.24,5,0,West,Two year,Yes,0
32,3,38.9,164.72,1,0,East,Month-to-month,No,1
44,44,35.8,178.38,2,1,North,One year,Yes,0
39,36,6.5,13.78,6,1,North,Month-to-month,Yes,1
28,6,5.6,333.13,4,3,South,Month-to-month,No,1
38,19,38.8,103.69,4,0,South,Two year,No,1
37,33,19.0,292.74,3,2,North,One year,Yes,0
48,25,36.8,119.76,4,1,West,Month-to-month,Yes,1
50,21,44.5,119.32,3,0,East,Month-to-month,No,1
69,47,11.7,312.38,4,1,East,One year,No,1
64,30,9.4,289.36,5,0,North,One year,Yes,1
34,36,58.8,206.91,2,1,West,Month-to-month,Yes,1
70,58,37.6,264.92,3,3,North,Two year,No,1
48,7,25.3,154.7,1,0,South,Month-to-month,Yes,1
28,26,17.1,184.12,3,0,South,Month-to-month,Yes,1
37,6,23.8,115.53,3,1,West,One year,No,1
61,67,13.0,279.93,2,1,South,Two year,Yes,0
65,14,46.1,112.19,1,0,North,Month-to-month,Yes,0
39,60,19.6,340.94,4,2,South,Month-to-month,Yes,0
27,14,49.5,151.84,2,1,South,Month-to-month,Yes,1
29,24,25.6,187.15,5,1,North,Two year,Yes,0
24,44,15.3,264.67,0,1,North,Month-to-month,Yes,0
58,60,25.2,187.51,3,0,North,Month-to-month,Yes,1
47,13,1.0,153.72,2,1,South,Two year,Yes,1
44,16,30.1,181.85,5,0,South,Month-to-month,No,1
56,64,29.3,278.85,2,0,South,One year,Yes,0
66,24,45.2,115.4,4,0,East,Month-to-month,Yes,0
64,16,1.8,171.75,5,1,North,One year,Yes,1
25,54,50.6,186.08,3,2,West,Month-to-month,Yes,1
52,7,45.1,275.78,2,1,West,Month-to-month,Yes,1
69,63,52.0,174.52,0,0,North,Month-to-month,Yes,0
62,64,31.2,374.87,0,0,South,One year,Yes,0
37,62,48.2,168.56,3,0,North,One year,Yes,0
40,22,8.5,160.04,4,0,South,Month-to-month,Yes,1
69,9,43.4,167.04,3,0,South,Month-to-month,No,1
19,31,19.7,46.75,5,2,North,Two year,No,1
48,25,5.6,76.14,2,1,North,Month-to-month,No,1
24,70,14.0,129.28,3,0,South,Month-to-month,Yes,0
69,46,32.1,304.26,4,1,East,One year,No,1
20,68,18.8,181.52,1,2,South,Month-to-month,Yes,0
19,55,38.0,134.11,2,1,West,Month-to-month,Yes,0
37,52,3.1,313.79,1,1,South,Month-to-month,No,1
29,9,1.0,347.87,1,2,West,Month-to-month,No,1
46,5,54.0,316.82,8,1,North,Month-to-month,Yes,1
35,4,46.5,95.43,2,1,East,One year,No,1
38,43,15.2,133.0,4,0,West,One year,Yes,1
50,15,32.0,375.44,4,0,North,Month-to-month,Yes,0
50,72,48.3,210.32,4,2,West,Two year,Yes,0
72,10,38.7,156.9,2,0,South,Month-to-month,Yes,0
45,69,34.4,260.43,5,1,South,One year,No,0
50,49,49.5,290.77,6,0,East,Month-to-month,Yes,0
57,8,20.3,125.0,7,1,East,One year,Yes,1
28,5,32.5,208.04,2,1,North,Month-to-month,No,1
56,29,31.7,282.29,3,2,West,Month-to-month,No,1
67,25,27.6,63.17,5,3,East,Month-to-month,No,1
36,23,25.8,186.3,4,0,West,Month-to-month,No,1
28,39,33.2,67.99,3,1,South,Month-to-month,No,1
38,10,32.6,81.72,1,0,East,One year,No,1
33,10,15.2,125.87,2,0,South,Two year,Yes,0
51,51,44.8,235.1,2,1,West,Month-to-month,No,1
68,72,16.4,151.19,4,0,West,Two year,Yes,1
52,20,28.5,116.92,7,1,West,One year,Yes,1
25,68,27.3,190.41,5,0,East,Two year,Yes,0
36,25,37.7,64.57,5,1,West,One year,Yes,0
57,25,1.0,230.02,4,1,South,One year,Yes,1
37,7,46.3,303.8,5,1,South,Month-to-month,No,1
52,31,21.2,176.68,1,0,West,One year,Yes,1
58,36,51.5,163.72,4,0,North,Two year,Yes,1
37,48,24.3,224.21,6,1,East,Month-to-month,Yes,1
55,12,31.2,10.0,4,0,North,Month-to-month,No,1
41,14,62.6,241.37,5,1,East,Month-to-month,Yes,1
25,32,27.6,510.7,1,1,South,Two year,Yes,1
39,6,51.8,172.12,4,0,South,Month-to-month,No,1
43,11,32.6,172.49,2,1,South,One year,Yes,1
18,46,38.6,263.08,2,0,South,Two year,Yes,0
69,69,33.1,357.76,2,0,South,Two year,Yes,0
48,42,45.6,287.37,4,0,South,Month-to-month,Yes,0
20,11,21.0,10.0,2,1,East,One year,No,1
