square_footage,bedrooms,home_age_years,location,price
1642,2,56,Suburb,467400
3131,5,30,Suburb,893300
1539,1,45,Rural,375900
3042,6,38,Suburb,827300
2123,4,67,Downtown,672000
1489,3,45,Rural,435300
1769,2,29,Suburb,507000
2310,4,67,Suburb,608100
2954,5,7,Downtown,951300
2517,4,68,Suburb,667200
3417,5,10,Suburb,964800
3237,5,20,Rural,833200
2922,4,57,Suburb,788000
2509,4,51,Rural,600700
1647,2,67,Suburb,459600
1984,3,52,Downtown,640200
1177,2,44,Suburb,360700
1879,2,24,Downtown,600500
3398,5,0,Rural,909400
2021,4,8,Suburb,637200
1162,1,20,Suburb,374600
2643,4,2,Suburb,778800
3498,6,35,Rural,915700
3236,6,54,Rural,749600
1603,2,67,Suburb,412000
2098,4,34,Downtown,685600
2310,4,61,Suburb,677300
1531,3,68,Downtown,540200
1589,3,60,Downtown,574700
1501,4,32,Suburb,480100
3586,5,22,Suburb,938500
2902,3,68,Rural,680600
3163,6,16,Downtown,987900
3096,4,28,Suburb,855900
3488,5,5,Suburb,963900
1139,3,55,Downtown,476000
3275,4,45,Downtown,941200
1033,1,5,Suburb,413700
2157,2,15,Downtown,730400
2485,3,38,Suburb,643800
1834,3,37,Suburb,495300
1252,2,56,Rural,353700
1379,2,18,Suburb,497100
3118,4,64,Downtown,854700
1726,1,31,Rural,389700
1703,3,57,Rural,439400
3390,5,16,Suburb,959200
1245,2,2,Downtown,585500
3367,6,3,Suburb,977900
3383,5,26,Downtown,991400
2496,4,66,Downtown,728000
1305,2,3,Downtown,550100
1278,2,25,Suburb,429000
1633,2,7,Suburb,505600
2438,4,65,Suburb,713800
1272,2,47,Suburb,454400
2103,4,53,Suburb,636400
1167,2,49,Suburb,360000
2336,4,45,Downtown,766900
908,1,54,Downtown,403300
2800,4,0,Suburb,827500
1002,2,60,Suburb,368900
1385,1,51,Suburb,424700
1330,1,51,Suburb,416100
3136,4,27,Suburb,867700
996,1,56,Suburb,331000
2030,3,26,Suburb,561300
2476,4,3,Downtown,828000
2269,3,63,Downtown,675900
2722,4,16,Suburb,746700
3059,5,7,Downtown,1002100
1932,4,43,Suburb,629300
3128,5,16,Rural,851600
1724,4,60,Downtown,607100
3558,6,31,Downtown,1083800
2237,3,0,Downtown,762900
2874,4,66,Downtown,833900
3257,4,36,Suburb,836300
3030,4,18,Suburb,851000
3191,5,47,Suburb,857000
2325,4,37,Suburb,638500
969,3,2,Suburb,418800
2206,2,53,Rural,524900
1349,2,28,Downtown,574300
3295,4,48,Downtown,960700
1501,3,62,Downtown,534500
1477,2,42,Suburb,462800
1536,1,47,Suburb,445300
2617,5,17,Downtown,850000
2421,3,16,Suburb,672200
3460,5,29,Downtown,1009100
1995,2,59,Suburb,521800
1626,2,36,Suburb,461800
985,2,24,Suburb,391200
869,1,54,Downtown,388800
1877,3,59,Suburb,488600
3396,5,63,Suburb,874200
2290,4,20,Downtown,792300
3308,5,49,Downtown,984400
1129,1,41,Rural,329900
1106,2,31,Rural,330000
3142,5,27,Suburb,848400
1143,2,8,Downtown,482100
992,2,19,Rural,329600
1961,3,38,Suburb,588400
3394,5,62,Suburb,911700
2746,5,60,Suburb,776500
1122,3,13,Downtown,514300
3152,5,47,Downtown,895100
3170,5,5,Rural,830300
3052,5,47,Suburb,832600
3333,5,23,Downtown,989300
1509,3,31,Downtown,559600
3544,5,50,Suburb,930600
1732,3,29,Downtown,609700
3056,4,56,Rural,717200
2443,3,37,Suburb,686700
2994,3,69,Suburb,741100
2577,3,44,Suburb,703600
2617,4,20,Suburb,760600
2545,4,54,Suburb,666600
2993,6,28,Suburb,844100
2883,5,37,Downtown,922100
1220,1,9,Suburb,396600
3122,5,8,Downtown,915000
2324,3,40,Suburb,602000
1738,2,13,Downtown,626800
2264,4,69,Downtown,700700
3510,6,59,Downtown,1000700
3209,5,49,Suburb,888200
3143,6,51,Downtown,869100
2123,3,41,Rural,553300
3007,5,4,Suburb,912000
1909,5,27,Suburb,588300
2737,4,34,Suburb,750700
2609,5,64,Downtown,775300
1537,2,15,Rural,414100
1583,3,34,Suburb,497500
1018,2,24,Suburb,421800
1234,2,9,Downtown,575500
2042,3,7,Suburb,625100
2164,4,25,Suburb,703900
1304,1,5,Rural,385000
1996,4,4,Suburb,691800
2512,5,24,Suburb,742500
1489,3,14,Downtown,595200
1780,3,38,Downtown,630900
1861,3,1,Suburb,686900
2239,3,21,Suburb,678900
1857,3,31,Downtown,627500
2877,3,67,Rural,690200
1750,2,44,Rural,435300
2043,2,61,Downtown,615800
1893,2,24,Suburb,587700
1353,3,31,Downtown,543400
2736,5,29,Suburb,791900
1497,2,62,Downtown,515700
1666,2,67,Suburb,472500
3030,3,67,Suburb,772400
3460,5,52,Suburb,853900
2695,6,35,Downtown,884100
3370,5,37,Rural,814100
3199,5,68,Downtown,873300
2172,4,19,Downtown,742000
2969,4,24,Suburb,822800
1753,3,62,Suburb,487800
2116,3,27,Rural,580600
2322,4,16,Rural,598100
3492,6,39,Downtown,1014500
3184,5,22,Rural,805000
2195,4,62,Downtown,693300
2645,4,63,Suburb,712700
1406,3,21,Downtown,539800
3062,6,37,Rural,813300
2371,3,68,Downtown,706700
2315,3,51,Downtown,665600
2958,5,15,Suburb,796700
2591,4,41,Rural,656600
1049,3,43,Rural,314500
1642,2,45,Suburb,483700
1336,3,1,Rural,430900
2871,5,20,Rural,764400
946,2,59,Suburb,350800
1406,3,16,Downtown,543300
2493,4,20,Suburb,697600
2761,4,22,Suburb,752100
2234,3,12,Suburb,674500
3217,5,10,Downtown,1019400
3378,4,24,Suburb,893300
1213,2,61,Downtown,393400
3470,5,0,Rural,862000
2540,5,19,Downtown,815300
2600,2,4,Downtown,799500
1111,1,39,Rural,291400
2560,3,17,Downtown,808600
2846,4,55,Downtown,828600
2447,4,40,Suburb,720900
1082,2,54,Rural,277700
2289,3,44,Downtown,695800
3424,5,30,Downtown,1016900
2840,5,60,Suburb,727300
1228,1,33,Rural,343600
3490,6,66,Suburb,913600
3487,6,69,Downtown,982800
1316,2,41,Downtown,545800
3053,5,47,Downtown,890900
1968,3,17,Downtown,739800
2483,5,57,Suburb,691900
2074,3,47,Downtown,637200
3002,4,63,Suburb,780500
3591,5,18,Suburb,945700
3037,4,55,Suburb,776300
3412,4,32,Downtown,991800
3452,5,12,Rural,902100
1097,2,11,Suburb,401000
1547,3,39,Suburb,518100
2835,4,22,Downtown,905800
2473,3,7,Downtown,839600
987,2,29,Rural,320800
1111,2,45,Suburb,413000
2282,3,22,Downtown,695400
2545,3,66,Suburb,655000
1311,2,54,Suburb,384700
1321,2,35,Rural,371200
1205,1,65,Downtown,418900
2404,4,30,Rural,628000
871,2,9,Downtown,502200
2424,3,2,Suburb,714000
2159,3,65,Suburb,596100
2131,2,67,Downtown,633100
2718,5,51,Downtown,835400
2287,4,7,Suburb,702200
2852,4,20,Rural,748300
2951,5,2,Suburb,892800
3381,4,3,Rural,909200
3048,4,17,Rural,788600
2274,3,40,Suburb,655500
2203,3,4,Suburb,640700
1498,3,68,Downtown,523800
2499,5,31,Downtown,838000
